Term,File_Count,Found_In
"1340 days",16,"damages_calculation_report.json; critical_terms.csv; damage_calculations_1340_day.json; EEOC_SEARCH_VOCABULARY.md; evidence_index_HS-FEMA-02430-2024.csv; search_index.json; CORRECT_FILES_TO_USE.md; CRITICAL_TERMS_REPORT.md; email_index_HS-FEMA-02430-2024.html; keyword_search.html; ENHANCED_MASTER_INDEX.html; MASTER_TIMELINE_2018-2025.csv; damage_calculations_report.md; cursor_current_processing_status_update-052525.md; document_scan_results.json; email_statistics_HS-FEMA-02430-2024.txt"
"1340-day",14,"damages_calculation_report.json; critical_terms.csv; EXHIBIT_LIST_PRIORITY.csv; test_dashboard.html; github_pages_setup_guide.md; evidence_index_HS-FEMA-02430-2024.csv; search_index.json; CRITICAL_TERMS_REPORT.md; keyword_search.html; CASE_SUMMARY.md; MASTER_TIMELINE_2018-2025.csv; CASE_SUMMARY.json; cursor_current_processing_status_update-052525.md; GITHUB_PAGES_AND_EMAIL_INDEX_SUMMARY.md"
"45 days",54,"damages_calculation_report.json; 24_0401_crcl_dhs-hq-reasonable-accommodation-procedures-instruction-manual-508-APRIL 2024.txt; Meindel III Max J. (FINAL Notice of Termination of Appointment)-1.txt; COMPREHENSIVE_VIOLATIONS_ANALYSIS.md; FW_ Request to consider Reassignment - Reasonable Accommodation of Last Resort.txt; Meindl_1stLineDecisionFTTWRequest - Oke review (002) to JLJ.txt; fema_manual_1430_1_reasonable_accommodations.txt; fema_manual_1430_1_reasonable_accommodations[1].txt; PDTFL Position Assist.txt; Final Agency Denial Letter _Meindl Max (RAR0046767)- FINAL-2.txt; RAR#0046767 Max Meindl.txt; Request Reasonable Accommodation Form 256-0-1-01-02-2024.txt; Reasonable Accomodation-FEMA Form 256-0-1-08232018.txt; search_index.json; 256-0-2 MANAGEMENT RESPONSE to REQ for RA Meindl-first.txt; paradocs_case_analysis_complete.json; 256-0-2 MANAGEMENT RESPONSE to REQ for RA Max s.txt; 0046767 Max Meindl-Revised-second.txt; FEMA EEO Policy Reaffirmation 2024 Final - F1 Signed - CLEAN (002).txt; document_scan_results.json; RAR#0046767 Max Meindl-Revised.txt; [Compare Report] 06-22-RA POLICY.txt; Merge Result.txt; 0046767 Max Meindl-Revised.txt; Binder2.txt; Final Agency Denial Letter _Meindl Max (RAR0046767)- FINAL.txt; eeo_timeline_enhanced.json; DHS Reasonable Accommodation.txt; 806726.txt; VISUAL_TIMELINE_EXHIBIT.html; implementing_accommodation.txt; Merge Result-V3-FINAL PAGE NUMBERS.txt; EMAILS-3.txt; evidence_index_HS-FEMA-02430-2024.csv; CRITICAL_TERMS_REPORT.md; Final Agency Denial Letter _Meindl Max (RAR0046767)- FINAL-2-1.txt; fi-256-22-0001-ra_instruction_final-signature-06-28-2024.txt; 256-0-2 MANAGEMENT RESPONSE to REQ for RA Meindl.txt; 1430_1.txt; md-110.txt; 06-22-RA POLICY.txt; 24_0401_crcl_dhs-hq-reasonable-accommodation-procedures-instruction-manual-508.txt; critical_terms.csv; meindel iii max j. (final notice of termination of appointment) (002).txt; TRULY_COMPREHENSIVE_EMAIL_INDEX.html; paradocs_master_timeline_enhanced.html; LETTER_TO_RICK_GUERRA.md; CURSOR_AI_RECOMMENDATIONS_ANALYSIS.md; 0046767 Max Meindl.txt; keyword_search.html; eeo_timeline_comprehensive_report.json; EEO FILES 1.txt; cursor_current_processing_status_update-052525.md; FI-256-22-0001-RA Instruction 2024 Final Signature- 06-28-2024.txt"
"45-day",23,"damages_calculation_report.json; Case-HS-FEMA-02430-2024-MEINDL-Detailed Table of Events.txt; ADMINISTRATIVE_HEARING_PORTAL.html; eeo_comprehensive_timeline.csv; Detailed Table of Events.txt; RAR0023278_CRITICAL_EVIDENCE_EXTRACT.html; search_index.json; AMENDED_COMPLAINT_DRAFT.md; paradocs_comprehensive_eeo_investigation.html; eeo_timeline_events.csv; eeo_timeline_enhanced.json; VISUAL_TIMELINE_EXHIBIT.html; CRITICAL_TERMS_REPORT.md; eeo_comprehensive_investigation.json; AMENDED_COMPLAINT_FORMATTED.html; critical_terms.csv; md-110.txt; paradocs_master_timeline_enhanced.html; keyword_search.html; eeo_timeline_comprehensive_report.json; MEINDL-CASE-HS-FEMA-02430-2024-Comprehensive table of violations.txt; CASE_VIOLATIONS_SUMMARY.html; CURSOR_AI_RECOMMENDATIONS_ANALYSIS.md"
"December 20, 2024",9,"critical_terms.csv; eeo_comprehensive_timeline.csv; CRITICAL_TERMS_REPORT.md; search_index.json; keyword_search.html; MEINDL-CASE-HS-FEMA-02430-2024-Comprehensive table of violations.txt; CASE_VIOLATIONS_SUMMARY.html; eeo_comprehensive_investigation.json; Fw_ EEO Complaint Form.eml[1].txt"
"FOIA",25,"UNIFIED_PARADOCS_DASHBOARD.html; ADMINISTRATIVE_HEARING_PORTAL.html; package-lock.json; paradocs_dashboard.html; search_index.json; AMENDED_COMPLAINT_DRAFT.md; ADR_MEDIATION_PORTAL.html; document_scan_results.json; l4060---fema-contract.txt; VISUAL_TIMELINE_EXHIBIT.html; CRITICAL_TERMS_REPORT.md; ParaDocs Programing Guidelinnes.txt; paradocs_legal_strategy_dashboard.html; eeo_comprehensive_investigation.json; AMENDED_COMPLAINT_FORMATTED.html; paradocs_all_files.csv; critical_terms.csv; PARADOCS_FINAL_SUMMARY.txt; README.md; LETTER_TO_RICK_GUERRA.md; Final Response 2025-FEFO-01396.txt; keyword_search.html; MEINDL-CASE-HS-FEMA-02430-2024-Comprehensive table of violations.txt; PARADOCS_COMPLETE_INDEX.md; paradocs_all_files.json"
"Hurricane Beryl",22,"Case-HS-FEMA-02430-2024-MEINDL-Detailed Table of Events.txt; DAMAGES_CALCULATION_LEGAL_BASIS.md; EXHIBIT_LIST_PRIORITY.csv; ADMINISTRATIVE_HEARING_PORTAL.html; eeo_comprehensive_timeline.csv; Detailed Table of Events.txt; search_index.json; AMENDED_COMPLAINT_DRAFT.md; paradocs_comprehensive_eeo_investigation.html; MASTER_TIMELINE_2018-2025.csv; MAXIMUM_DAMAGES_BY_STATUTE.md; eeo_timeline_enhanced.json; VISUAL_TIMELINE_EXHIBIT.html; CRITICAL_TERMS_REPORT.md; eeo_investigation_questions.csv; eeo_comprehensive_investigation.json; AMENDED_COMPLAINT_FORMATTED.html; critical_terms.csv; AGGRESSIVE_DAMAGES_CALCULATION.md; keyword_search.html; MEINDL-CASE-HS-FEMA-02430-2024-Comprehensive table of violations.txt; CASE_VIOLATIONS_SUMMARY.html"
"January 6, 2025",49,"Case-HS-FEMA-02430-2024-MEINDL-Detailed Table of Events.txt; GAMMA_SLIDES_CONTENT.md; COMPREHENSIVE_VIOLATIONS_ANALYSIS.md; DAMAGES_CALCULATION_LEGAL_BASIS.md; Revision 2 of scan.eml[1] (2).txt; Fwd_ Affidavit and Letter of Authorization (HS-FEMA-02430-2024).eml[1].txt; Fwd_ Affidavit and Letter of Authorization (HS-FEMA-02430-2024).eml[1] (2).txt; Tab F-9 Affidavit of Witness Anna Myers signed.txt; EEOC_SEARCH_VOCABULARY.md; CASE_VIOLATIONS_SUMMARY.html; roi_contradictions_interactive_HS-FEMA-02430-2024.json; Detailed Table of Events.txt; RAR0023278_CRITICAL_EVIDENCE_EXTRACT.html; KEY_EXHIBITS_AND_EVIDENCE.md; search_index.json; FIXED_ENHANCED_MASTER_INDEX.html; AMENDED_COMPLAINT_DRAFT.md; PROJECT_SUMMARY.md; paradocs_comprehensive_eeo_investigation.html; verification_report.json; FW_ ACTION REQUESTED_ AP - Mediation Participation HS-FEMA-02430-2024 - Immediate Response Requested.eml[1] (2).txt; FW_ ACTION REQUESTED_ AP - Mediation Participation HS-FEMA-02430-2024 - Immediate Response Requested.eml[1].txt; Merge Result.txt; CRITICAL_TERMS_REPORT.md; corrected_verified_timeline.json; AMENDED_COMPLAINT_FORMATTED.html; HEARING_PREPARATION_OUTLINE.md; SETTLEMENT_DEMAND_PACKAGE.md; COMPLETE_EMAIL_INDEX.html; VERIFICATION_REPORT.md; COMPREHENSIVE_COMMUNICATION_TIMELINE.html; MOTION_FOR_SUMMARY_JUDGMENT.md; critical_terms.csv; PROJECT_DEEP_DIVE_ANALYSIS.md; DISCOVERY_REQUESTS_SECOND_SET.md; TRULY_COMPREHENSIVE_EMAIL_INDEX.html; Tab F-5 Affidavit of RMO template_Simko Final.txt; CRITICAL_USAGE_GUIDE.md; GAMMA_APP_PRESENTATION.html; Revision 2 of scan.eml[1].txt; weighted_harm_analysis.md; keyword_search.html; MEINDL-Affidavit of Complainant-02-14-2025-R1.txt; MEINDL-CASE-HS-FEMA-02430-2024-Comprehensive table of violations.txt; SETUP_GUIDE.md; PROJECT_COMPLETION_REPORT.md; INDEX_INSTRUCTIONS.md; cursor_current_processing_status_update-052525.md; Tab F-8 Affidavit of Witness Traci Brasher_ final.txt"
"RAR0023261",36,"Case-HS-FEMA-02430-2024-MEINDL-Detailed Table of Events.txt; RE_ RAR0023261 - Vaccine Exemption Request for ....json; EXHIBIT_LIST_PRIORITY.csv; ADMINISTRATIVE_HEARING_PORTAL.html; RE_ RAR0023261 - Vaccine Exemption Request for ...(1).json; Revision 2 of scan.eml[1] (2).txt; RAR0023261 - Vaccine Exemption Request for Info....json; date_index.json; eeo_comprehensive_timeline.csv; RE_ RAR0023261 - Vaccine Exemption Request for ...(1).txt; Detailed Table of Events.txt; RAR0023278_CRITICAL_EVIDENCE_EXTRACT.html; search_index.json; AMENDED_COMPLAINT_DRAFT.md; MASTER_TIMELINE_2018-2025.csv; EEO.eml[3][1] (2).txt; RE_ RAR0023261 - Vaccine Exemption Request for ....txt; Merge Result.txt; violations_summary.json; MAXIMUM_DAMAGES_BY_STATUTE.md; RAR0023261 - Vaccine Exemption Request for Info....txt; eeo_timeline_enhanced.json; VISUAL_TIMELINE_EXHIBIT.html; CRITICAL_TERMS_REPORT.md; paradocs_legal_strategy_dashboard.html; eeo_comprehensive_investigation.json; AMENDED_COMPLAINT_FORMATTED.html; critical_terms.csv; Revision 2 of scan.eml[1].txt; keyword_search.html; MEINDL-CASE-HS-FEMA-02430-2024-Comprehensive table of violations.txt; PDFen.txt; keyword_index.json; CASE_VIOLATIONS_SUMMARY.html; paradocs-index.html; EEO.eml[3][1].txt"
"RAR0023278",38,"EXHIBIT_LIST_PRIORITY.csv; ADMINISTRATIVE_HEARING_PORTAL.html; RAR0023278 for COVID-19 Vaccine Exemption (for ...(1).json; Revision 2 of scan.eml[1] (2).txt; Office of Accessibile Systems and Technology (O....txt; Office of Accessibile Systems and Technology (O...(1).txt; email_detailed_index.json; MASTER_INDEX.html; eeo_comprehensive_timeline.csv; DAMAGES_CALCULATION_WITH_INTEREST.html; RAR0023278_CRITICAL_EVIDENCE_EXTRACT.html; search_index.json; AMENDED_COMPLAINT_DRAFT.md; paradocs_comprehensive_eeo_investigation.html; MASTER_TIMELINE_2018-2025.csv; EEO.eml[3][1] (2).txt; Merge Result.txt; MAXIMUM_DAMAGES_BY_STATUTE.md; eeo_timeline_events.csv; eeo_timeline_enhanced.json; VISUAL_TIMELINE_EXHIBIT.html; RAR0023278 for COVID-19 Vaccine Exemption (for ...(4).txt; CRITICAL_TERMS_REPORT.md; paradocs_legal_strategy_dashboard.html; eeo_comprehensive_investigation.json; AMENDED_COMPLAINT_FORMATTED.html; RAR0023278 for COVID-19 Vaccine Exemption (for ...(1).txt; critical_terms.csv; paradocs_master_timeline_enhanced.html; Revision 2 of scan.eml[1].txt; keyword_search.html; eeo_timeline_comprehensive_report.json; MEINDL-CASE-HS-FEMA-02430-2024-Comprehensive table of violations.txt; PDFen.txt; CASE_VIOLATIONS_SUMMARY.html; paradocs-index.html; RAR0023278 for COVID-19 Vaccine Exemption (for ...(4).json; EEO.eml[3][1].txt"
"RAR0042452",71,"EXHIBIT_LIST_PRIORITY.csv; RE_ Number RAR0042452(1).txt; RE_ Number RAR0042452(1).json; ADMINISTRATIVE_HEARING_PORTAL.html; Number RAR0042452.txt; duplicates.json; Meindl-Max_Telework Application & Agreement-12-11-23-RA-RAR0042452 -V1-2.json; Revision 2 of scan.eml[1] (2).txt; FW_ Number RAR0042452.json; date_index.json; RE_ Number RAR0042452(2).txt; RE_ Number RAR0042452.txt; RE_ RAR0042452 for Telework_ 100% .json; RE_ RAR0042452 for Telework_ 100% .txt; eeo_comprehensive_timeline.csv; Meindl-Max_Telework Application & Agreement-12-11-23-RA-RAR0042452-TONY IN-COMPRESSED TELEWORK.json; Read_ RAR0042452 for Telework_ 100% .txt; RAR0023278_CRITICAL_EVIDENCE_EXTRACT.html; RAR0042452 for Telework_ 100_ has been assigned....json; Your request  for Telework_ 100% has been received.txt; Meindl-Max_Telework Application & Agreement-12-11-23-RA-RAR0042452.json; AMENDED_COMPLAINT_DRAFT.md; FW_ RAR0042452 for Telework_ 100% .txt; RAR0042452 has been assigned to your group.txt; RAR0042452 has been assigned to your group.json; search_index.json; paradocs_comprehensive_eeo_investigation.html; RAR0042452 for Telework_ 100% has comments added.json; MASTER_TIMELINE_2018-2025.csv; EEO.eml[3][1] (2).txt; Merge Result.txt; FW_ Number RAR0042452.txt; violations_summary.json; MAXIMUM_DAMAGES_BY_STATUTE.md; eeo_timeline_events.csv; Read_ Number RAR0042452.json; RE_ Number RAR0042452- Follow up Tuesday Septem....txt; eeo_timeline_enhanced.json; RAR0042452 for Telework_ 100_ has been assigned....txt; Read_ RAR0042452 for Telework_ 100% .json; VISUAL_TIMELINE_EXHIBIT.html; RE_ Number RAR0042452(2).json; FW_ RAR0042452 for Telework_ 100% .json; CRITICAL_TERMS_REPORT.md; RAR0042452 for Telework_ 100% has comments added.txt; Read_ Number RAR0042452.txt; Meindl-Max_Telework Application & Agreement-12-11-23-RA-RAR0042452 -V1.json; RE_ Number RAR0042452.json; eeo_investigation_questions.csv; RE_ Number RAR0042452- Follow up Tuesday Septem....json; paradocs_legal_strategy_dashboard.html; eeo_comprehensive_investigation.json; AMENDED_COMPLAINT_FORMATTED.html; critical_terms.csv; FW_ Max Meindl Reasonable Accommodation Request.txt; Number RAR0042452.json; paradocs_master_timeline_enhanced.html; Automatic reply_ Number RAR0042452.json; Revision 2 of scan.eml[1].txt; timeline_analysis_results.json; eeo_timeline_comprehensive_report.json; Automatic reply_ Number RAR0042452.txt; MEINDL-CASE-HS-FEMA-02430-2024-Comprehensive table of violations.txt; RAR0042452 for Telework_ 100% has been assigned....txt; RE_ Max Meindl Reasonable Accommodation Request.txt; CASE_VIOLATIONS_SUMMARY.html; keyword_index.json; keyword_search.html; paradocs-index.html; EEO.eml[3][1].txt; RAR0042452 for Telework_ 100% has been assigned....json"
"age 74",23,"COMPREHENSIVE_VIOLATIONS_ANALYSIS.md; DAMAGES_CALCULATION_LEGAL_BASIS.md; Attorney_Portal.html; MASTER_INDEX.html; eeo_comprehensive_timeline.csv; RAR0023278_CRITICAL_EVIDENCE_EXTRACT.html; search_index.json; ADR_MEDIATION_PORTAL.html; paradocs_comprehensive_eeo_investigation.html; MAXIMUM_DAMAGES_BY_STATUTE.md; eeo_timeline_events.csv; eeo_timeline_enhanced.json; CRITICAL_TERMS_REPORT.md; eeo_comprehensive_investigation.json; critical_terms.csv; LETTER_TO_RICK_GUERRA.md; paradocs_master_timeline_enhanced.html; AGGRESSIVE_DAMAGES_CALCULATION.md; keyword_search.html; eeo_timeline_comprehensive_report.json; SHARING_PARADOCS_WITH_ATTORNEY.md; MEINDL-CASE-HS-FEMA-02430-2024-Comprehensive table of violations.txt; CURSOR_AI_RECOMMENDATIONS_ANALYSIS.md"
"disability",174,"Case-HS-FEMA-02430-2024-MEINDL-Detailed Table of Events.txt; ADMINISTRATIVE_HEARING_PORTAL.html; case_support_report_HS-FEMA-02430-2024.md; 2017-dhs-affirmative-action-plan.txt; Chief of Staff comms.txt; FD-256-22-0003- RA Program Policy Directive - FINAL Jan 2022.txt; Fwd_ Affidavit and Letter of Authorization (HS-FEMA-02430-2024).eml[1] (2).txt; FW_ Request to consider Reassignment - Reasonable Accommodation of Last Resort.txt; 21C09C58-969E-71AA-B95D-C9FA67C8BAD9.txt; FW_ Reasonable Accommodation Request# RAR0017691.eml[1] (2).txt; RE_ RAR0042452 for Telework_ 100% .txt; eeo_comprehensive_timeline.csv; ACTION_LOG.md; fema_manual_1430_1_reasonable_accommodations[1].txt; Detailed Table of Events.txt; Request Reasonable Accommodation Form 256-0-1-01-02-2024.txt; KEY_EXHIBITS_AND_EVIDENCE.md; OPM telework agency2a-guide.txt; email_index_HS-FEMA-02430-2024.csv; MEINDL-FEMA Informal Intake Form-09-03-24 (002).txt; MEINDL-FEMA Informal Intake Form-09-03-24-V1-add rep info (2).txt; ra (1).txt; RESPONDENT REPLY(1).txt; 256-0-2 MANAGEMENT RESPONSE to REQ for RA Meindl-first.txt; 256-0-2 MANAGEMENT RESPONSE to REQ for RA Max s.txt; FEMA EEO Policy Reaffirmation 2024 Final - F1 Signed - CLEAN (002).txt; Guide_to_Brief_Writing_for_Pro_Se_Complainants.txt; Binder2.txt; guide-to-telework-in-the-federal-government.txt; Merge Result-V3-FINAL PAGE NUMBERS.txt; 806726.txt; VISUAL_TIMELINE_EXHIBIT.html; eeo_investigation_questions.csv; Final Agency Denial Letter _Meindl Max (RAR0046767)- FINAL-2-1.txt; RAR0017691 .txt; MEINDL-FEMA Informal Intake Form-09-03-24.txt; SETTLEMENT_DEMAND_PACKAGE.md; COMMS SUMMARY.txt; fema_affirmative-action-plan.txt; GAMMA_APP_PRESENTATION.html; federal_citations_HS-FEMA-02430-2024.md; 0046767 Max Meindl.txt; PROJECT_COMPLETION_REPORT.md; What is your age.txt; cursor_current_processing_status_update-052525.md; Tab F-9 Affidavit of Witness Anna Myers signed.txt; FI-256-22-0001-RA Instruction 2024 Final Signature- 06-28-2024.txt; 24_0401_crcl_dhs-hq-reasonable-accommodation-procedures-instruction-manual-508-APRIL 2024.txt; 01-22-RA POLICY.txt; FM 123-9-1.txt; COMPREHENSIVE_VIOLATIONS_ANALYSIS.md; FW_ Reasonable Accommodation Request# RAR0017691.eml[1].txt; FEMA_Cadre_Management_Guide1-10282014.txt; Revision 2 of scan.eml[1] (2).txt; Fwd_ Affidavit and Letter of Authorization (HS-FEMA-02430-2024).eml[1].txt; fema_manual_1430_1_reasonable_accommodations.txt; RE_ RAR0023261 - Vaccine Exemption Request for ...(1).txt; EMAILS-2.txt; manual_timeline_HS-FEMA-02430-2024.json; FW_ RAR0042452 for Telework_ 100% .txt; actual_timeline_from_roi.json; paradocs_case_analysis_complete.json; 0046767 Max Meindl-Revised-second.txt; RE_ Request to consider Reassignment - Reasonable Accommodation of Last Resort-meindl-08022024.txt; RAR#0046767 Max Meindl-Revised.txt; Merge Result.txt; RAR0023261 - Vaccine Exemption Request for Info....txt; RE_ Number RAR0042452- Follow up Tuesday Septem....txt; Final Agency Denial Letter _Meindl Max (RAR0046767)- FINAL.txt; EMAILS-3.txt; DHS Reasonable Accommodation.txt; RE_ Your request for Reasonable Accommodation R...(1).txt; COMPREHENSIVE_PROJECT_REVIEW_AND_CORRECTIONS.md; LEGAL STUFF.txt; ENHANCED_MASTER_INDEX.html; cursor.rules.json; Heart Condition AN.txt; FW_ MEINDL FORMAL EEOC COMPLAINT-E-SIGNED.txt; FW_ FMLA Recertification - M. Meindl.eml[1](1).txt; 24_0401_crcl_dhs-hq-reasonable-accommodation-procedures-instruction-manual-508.txt; Tab F-5 Affidavit of RMO template_Simko Final.txt; AGGRESSIVE_DAMAGES_CALCULATION.md; eeo_timeline_comprehensive_report.json; EEO FILES 1.txt; Fwd_ WebTA.eml[1] (2).txt; Meindel III Max J. (FINAL Notice of Termination of Appointment)-1.txt; termination_impact_analysis.md; metadata_schema.json; EEO.eml[2] (2).txt; comprehensive_timeline_HS-FEMA-02430-2024.json; FW_ FMLA Recertification - M. Meindl.eml[1](2).txt; COMMS SUMMARY-1.txt; communication_timeline_HS-FEMA-02430-2024.html; search_index.json; AMENDED_COMPLAINT_DRAFT.md; paradocs_master_dashboard.html; ADR_MEDIATION_PORTAL.html; fmla.eml[4][1].txt; Fwd_ WebTA.eml[1].txt; fema_reasonable-accommodation-policy.txt; email_analysis_report.json; New EEO Poster 2024.txt; [Compare Report] 06-22-RA POLICY.txt; fema-rules.json; FEDERAL_LAWSUIT_PORTAL.html; eeo_timeline_events.csv; data_extract_HS-FEMA-02430-2024.md; EMAIL DOCUMENTATION.txt; 0046767 Max Meindl-Revised.txt; l4060---fema-contract.txt; EEO.eml[2].txt; implementing_accommodation.txt; MEINDL-FEMA Informal Intake Form-09-03-24-V1-add rep info (3).txt; CRITICAL_TERMS_REPORT.md; paradocs_legal_strategy_dashboard.html; eeo_comprehensive_investigation.json; COMMS SUMMARY-2.txt; 256-0-2 MANAGEMENT RESPONSE to REQ for RA Meindl.txt; COMPLETE_EMAIL_INDEX.html; COMPREHENSIVE_COMMUNICATION_TIMELINE.html; 06-22-RA POLICY.txt; 1430_1.txt; 08-06-2024.txt; critical_terms.csv; meindel iii max j. (final notice of termination of appointment) (002).txt; TRULY_COMPREHENSIVE_EMAIL_INDEX.html; paradocs_master_timeline_enhanced.html; RE_ MEINDL-FINAL-V3-REASONABLE ACCOMMODATION SU....txt; MEINDL-Affidavit of Complainant-02-14-2025-R1.txt; MEINDL-CASE-HS-FEMA-02430-2024-Comprehensive table of violations.txt; communication_timeline_HS-FEMA-02430-2024.md; UNIFIED_PARADOCS_DASHBOARD.html; EXHIBIT_LIST_PRIORITY.csv; FW_ FMLA Recertification - M. Meindl.eml[1].txt; MEINDL-FEMA Informal Intake Form-09-03-24-V1-add rep info.txt; PART 752-ADVERSE ACTIONS.txt; Meindl_1stLineDecisionFTTWRequest - Oke review (002) to JLJ.txt; email_detailed_index.json; 3 - Cadre of On-Call Response_Recovery Employee (CORE) Program_FM252-11-1.txt; Federal Workforce Keyboard Navigation Manual-Final.txt; EEOC_SEARCH_VOCABULARY.md; eeoc-rules.json; RAR0023278_CRITICAL_EVIDENCE_EXTRACT.html; Final Agency Denial Letter _Meindl Max (RAR0046767)- FINAL-2.txt; RAR#0046767 Max Meindl.txt; Reasonable Accomodation-FEMA Form 256-0-1-08232018.txt; TRACI BRASHER CHAT RECORD.txt; communication_timeline_HS-FEMA-02430-2024.json; RE_ RAR0023261 - Vaccine Exemption Request for ....txt; RESPONDENT REPLY-08-19-24-v1.txt; FW_ FMLA Recertification - M. Meindl.eml[1] (2).txt; Pages from 08-06-2024.txt; eeo_timeline_enhanced.json; timeline_exhibit_HS-FEMA-02430-2024.html; email_tracking_template_comprehensive.csv; ParaDocs Programing Guidelinnes.txt; AMENDED_COMPLAINT_FORMATTED.html; fi-256-22-0001-ra_instruction_final-signature-06-28-2024.txt; HEARING_PREPARATION_OUTLINE.md; MOTION_FOR_SUMMARY_JUDGMENT.md; md-110.txt; fd_123_14_hiring_people_with_disabilities.txt; fema-directive-123-0-2-1.txt; DISCOVERY_REQUESTS_SECOND_SET.md; LETTER_TO_RICK_GUERRA.md; RE_ Non-Responsive Employees in Vaccine Status ....txt; Revision 2 of scan.eml[1].txt; Fwd_ WebTA.eml[1](1).txt; keyword_search.html; PDFen.txt; CORRECTED_INDIVIDUAL_TITLES_AND_ROLES.md; CASE_VIOLATIONS_SUMMARY.html; CURSOR_AI_RECOMMENDATIONS_ANALYSIS.md; Tab F-8 Affidavit of Witness Traci Brasher_ final.txt"
"discrimination",164,"Case-HS-FEMA-02430-2024-MEINDL-Detailed Table of Events.txt; CATEGORY_REPORT.md; OSC Case No. MA-20-1288.eml[2](2).txt; ADMINISTRATIVE_HEARING_PORTAL.html; case_support_report_HS-FEMA-02430-2024.md; roi_contradictions_HS-FEMA-02430-2024.md; 2017-dhs-affirmative-action-plan.txt; FD-256-22-0003- RA Program Policy Directive - FINAL Jan 2022.txt; Fwd_ Affidavit and Letter of Authorization (HS-FEMA-02430-2024).eml[1] (2).txt; CASE_SUMMARY.json; 21C09C58-969E-71AA-B95D-C9FA67C8BAD9.txt; eeo_comprehensive_timeline.csv; V1-Getting_Started.txt; roi_contradictions_interactive_HS-FEMA-02430-2024.json; ACTION_LOG.md; Detailed Table of Events.txt; KEY_EXHIBITS_AND_EVIDENCE.md; email_index_HS-FEMA-02430-2024.csv; RE_ Case #460.2016.01937.eml[1] (2).txt; OSC Case No. MA-20-1288.eml[2](1).txt; FEMA EEO Policy Reaffirmation 2024 Final - F1 Signed - CLEAN (002).txt; Guide_to_Brief_Writing_for_Pro_Se_Complainants.txt; Binder2.txt; roi_comprehensive_analysis_HS-FEMA-02430-2024.md; fyi.txt; Merge Result-V3-FINAL PAGE NUMBERS.txt; 806726.txt; VISUAL_TIMELINE_EXHIBIT.html; evidence_index_HS-FEMA-02430-2024.csv; Final Agency Denial Letter _Meindl Max (RAR0046767)- FINAL-2-1.txt; SETTLEMENT_DEMAND_PACKAGE.md; fema_affirmative-action-plan.txt; GAMMA_APP_PRESENTATION.html; EEO Process HS-FEMA-03389-2024 Meindl, M.txt; federal_citations_HS-FEMA-02430-2024.md; PROJECT_COMPLETION_REPORT.md; What is your age.txt; cursor_current_processing_status_update-052525.md; Tab F-9 Affidavit of Witness Anna Myers signed.txt; damages_index_HS-FEMA-02430-2024.csv; FI-256-22-0001-RA Instruction 2024 Final Signature- 06-28-2024.txt; OSC Case No. MA-20-1288.eml[2] (2).txt; 24_0401_crcl_dhs-hq-reasonable-accommodation-procedures-instruction-manual-508-APRIL 2024.txt; 01-22-RA POLICY.txt; GAMMA_SLIDES_CONTENT.md; COMPREHENSIVE_VIOLATIONS_ANALYSIS.md; DAMAGES_CALCULATION_LEGAL_BASIS.md; roi_contradictions_HS-FEMA-02430-2024.json; FEMA_Cadre_Management_Guide1-10282014.txt; OSC Case No. MA-20-1288.txt; EEOC_Memo_-_Guidance_to_Agencies_for_Applying_DRP_Agreements_to_Pending_EEO_Complaints.txt; Revision 2 of scan.eml[1] (2).txt; Fwd_ Affidavit and Letter of Authorization (HS-FEMA-02430-2024).eml[1].txt; GITHUB_PAGES_AND_EMAIL_INDEX_SUMMARY.md; Fw_ EEO Complaint Form.eml[1].txt; Extension of Counseling_ HS-FEMA-03389-2024 Meindl M_ signed.txt; manual_timeline_HS-FEMA-02430-2024.json; actual_timeline_from_roi.json; analysis_dashboard.json; paradocs_case_analysis_complete.json; Merge Result.txt; stopwords.json; Final Agency Denial Letter _Meindl Max (RAR0046767)- FINAL.txt; EMAILS-3.txt; package.json; ENHANCED_MASTER_INDEX.html; cursor.rules.json; FW_ MEINDL FORMAL EEOC COMPLAINT-E-SIGNED.txt; 24_0401_crcl_dhs-hq-reasonable-accommodation-procedures-instruction-manual-508.txt; master_case_index_HS-FEMA-02430-2024.json; comprehensive_case_analysis_HS-FEMA-02430-2024.md; Tab F-5 Affidavit of RMO template_Simko Final.txt; AGGRESSIVE_DAMAGES_CALCULATION.md; ParaIndex.txt; weighted_harm_analysis.md; eeo_timeline_comprehensive_report.json; keyword_index.json; EEO FILES 1.txt; Meindel III Max J. (FINAL Notice of Termination of Appointment)-1.txt; roi_specific_contradictions_HS-FEMA-02430-2024.md; metadata_schema.json; index.md; comprehensive_timeline_HS-FEMA-02430-2024.json; Guidance-for-Using-the-2010-EEO-Tabulation-UPDATED-July-2013.txt; communication_timeline_HS-FEMA-02430-2024.html; search_index.json; AMENDED_COMPLAINT_DRAFT.md; paradocs_master_dashboard.html; ADR_MEDIATION_PORTAL.html; paradocs_comprehensive_eeo_investigation.html; MASTER_TIMELINE_2018-2025.csv; ADR Agreement to participate - 5 Sig-MEINDL-10-15-2024-BS SIGNED.txt; fema_reasonable-accommodation-policy.txt; New EEO Poster 2024.txt; [Compare Report] 06-22-RA POLICY.txt; fema-rules.json; FEDERAL_LAWSUIT_PORTAL.html; eeo_timeline_events.csv; data_extract_HS-FEMA-02430-2024.md; l4060---fema-contract.txt; implementing_accommodation.txt; CRITICAL_TERMS_REPORT.md; paradocs_legal_strategy_dashboard.html; eeo_comprehensive_investigation.json; NRTF HS-FEMA-02430-2024 Meindl J.txt; document_index.json; COMPLETE_EMAIL_INDEX.html; paradocs_all_files.csv; COMPREHENSIVE_COMMUNICATION_TIMELINE.html; Table B-15   FY 2021   Complaints Closed with Findings of Discrimination.json; 06-22-RA POLICY.txt; critical_terms.csv; meindel iii max j. (final notice of termination of appointment) (002).txt; TRULY_COMPREHENSIVE_EMAIL_INDEX.html; paradocs_master_timeline_enhanced.html; index_stats.json; MEINDL-Affidavit of Complainant-02-14-2025-R1.txt; MEINDL-CASE-HS-FEMA-02430-2024-Comprehensive table of violations.txt; paradocs-index.html; paradocs_all_files.json; communication_timeline_HS-FEMA-02430-2024.md; damages_calculation_report.json; UNIFIED_PARADOCS_DASHBOARD.html; EXHIBIT_LIST_PRIORITY.csv; Table B-16   FY 2021   Complaints Closed with Findings of No Discrimination.json; roi_comprehensive_analysis_HS-FEMA-02430-2024.json; date_index.json; email_detailed_index.json; 3 - Cadre of On-Call Response_Recovery Employee (CORE) Program_FM252-11-1.txt; DAMAGES_CALCULATION_WITH_INTEREST.html; EEOC_SEARCH_VOCABULARY.md; eeoc-rules.json; RAR0023278_CRITICAL_EVIDENCE_EXTRACT.html; Final Agency Denial Letter _Meindl Max (RAR0046767)- FINAL-2.txt; Update on your Employee Rights claim..eml[1] (2).txt; RE_ Case #460.2016.01937.eml[1](1).txt; Effectiveness of ADR Report_508.txt; OSC Case No. MA-20-1288.eml[2].txt; communication_timeline_HS-FEMA-02430-2024.json; document_scan_results.json; MAXIMUM_DAMAGES_BY_STATUTE.md; eeo_timeline_enhanced.json; CORRECTED_MASTER_INDEX_VERIFIED.html; timeline_exhibit_HS-FEMA-02430-2024.html; email_tracking_template_comprehensive.csv; Update on your Employee Rights claim..eml[1].txt; RE_ Case #460.2016.01937.eml[1].txt; CASE_SUMMARY.md; AMENDED_COMPLAINT_FORMATTED.html; fi-256-22-0001-ra_instruction_final-signature-06-28-2024.txt; HEARING_PREPARATION_OUTLINE.md; damage_calculations_1340_day.json; md-110.txt; fd_123_14_hiring_people_with_disabilities.txt; fema-directive-123-0-2-1.txt; Federal Complaints Dashboard Instruction Manual Draft-Final.txt; README.md; LETTER_TO_RICK_GUERRA.md; Revision 2 of scan.eml[1].txt; keyword_search.html; PDFen.txt; CASE_VIOLATIONS_SUMMARY.html; CURSOR_AI_RECOMMENDATIONS_ANALYSIS.md; Tab F-8 Affidavit of Witness Traci Brasher_ final.txt"
"interactive process",106,"Case-HS-FEMA-02430-2024-MEINDL-Detailed Table of Events.txt; github_pages_setup_guide.md; ADMINISTRATIVE_HEARING_PORTAL.html; roi_contradictions_HS-FEMA-02430-2024.md; FD-256-22-0003- RA Program Policy Directive - FINAL Jan 2022.txt; FW_ Request to consider Reassignment - Reasonable Accommodation of Last Resort.txt; 21C09C58-969E-71AA-B95D-C9FA67C8BAD9.txt; RE_ RAR0042452 for Telework_ 100% .txt; eeo_comprehensive_timeline.csv; roi_contradictions_interactive_HS-FEMA-02430-2024.json; ACTION_LOG.md; fema_manual_1430_1_reasonable_accommodations[1].txt; Detailed Table of Events.txt; ra_timing_violations_analysis.txt; email_index_HS-FEMA-02430-2024.csv; ra (1).txt; RESPONDENT REPLY(1).txt; verification_report.json; guide-to-telework-in-the-federal-government.txt; roi_comprehensive_analysis_HS-FEMA-02430-2024.md; evidence_index_HS-FEMA-02430-2024.csv; VISUAL_TIMELINE_EXHIBIT.html; eeo_investigation_questions.csv; SETTLEMENT_DEMAND_PACKAGE.md; GAMMA_APP_PRESENTATION.html; federal_citations_HS-FEMA-02430-2024.md; cursor_current_processing_status_update-052525.md; FI-256-22-0001-RA Instruction 2024 Final Signature- 06-28-2024.txt; 24_0401_crcl_dhs-hq-reasonable-accommodation-procedures-instruction-manual-508-APRIL 2024.txt; 01-22-RA POLICY.txt; GAMMA_SLIDES_CONTENT.md; COMPREHENSIVE_VIOLATIONS_ANALYSIS.md; roi_contradictions_HS-FEMA-02430-2024.json; Revision 2 of scan.eml[1] (2).txt; fema_manual_1430_1_reasonable_accommodations.txt; FW_ RAR0042452 for Telework_ 100% .txt; actual_timeline_from_roi.json; paradocs_case_analysis_complete.json; RE_ Request to consider Reassignment - Reasonable Accommodation of Last Resort-meindl-08022024.txt; Merge Result.txt; CHAT TIMELINE DISCUSSION-INTERACTIVE PROCESS.json; DHS Reasonable Accommodation.txt; LEGAL STUFF.txt; ENHANCED_MASTER_INDEX.html; cursor.rules.json; corrected_verified_timeline.json; 24_0401_crcl_dhs-hq-reasonable-accommodation-procedures-instruction-manual-508.txt; master_case_index_HS-FEMA-02430-2024.json; comprehensive_case_analysis_HS-FEMA-02430-2024.md; eeo_timeline_comprehensive_report.json; keyword_index.json; EEO FILES 1.txt; roi_specific_contradictions_HS-FEMA-02430-2024.md; comprehensive_timeline_HS-FEMA-02430-2024.json; CASE_VIOLATIONS_SUMMARY.html; COMPLETE_TIMELINE_INTERACTIVE.html; search_index.json; AMENDED_COMPLAINT_DRAFT.md; paradocs_master_dashboard.html; fmla.eml[4][1].txt; MASTER_TIMELINE_2018-2025.csv; fema_reasonable-accommodation-policy.txt; timeline_index_HS-FEMA-02430-2024.csv; [Compare Report] 06-22-RA POLICY.txt; fema-rules.json; violations_summary.json; eeo_timeline_events.csv; EMAIL DOCUMENTATION.txt; implementing_accommodation.txt; CRITICAL_TERMS_REPORT.md; email_index_HS-FEMA-02430-2024.html; paradocs_legal_strategy_dashboard.html; eeo_comprehensive_investigation.json; COMPLETE_EMAIL_INDEX.html; COMPREHENSIVE_COMMUNICATION_TIMELINE.html; 06-22-RA POLICY.txt; 1430_1.txt; critical_terms.csv; index_stats.json; paradocs_master_timeline_enhanced.html; MEINDL-Affidavit of Complainant-02-14-2025-R1.txt; MEINDL-CASE-HS-FEMA-02430-2024-Comprehensive table of violations.txt; paradocs-index.html; communication_timeline_HS-FEMA-02430-2024.md; EXHIBIT_LIST_PRIORITY.csv; roi_comprehensive_analysis_HS-FEMA-02430-2024.json; date_index.json; email_detailed_index.json; MASTER_INDEX.html; EEOC_SEARCH_VOCABULARY.md; eeoc-rules.json; FINAL_CASE_COMPLETION_SUMMARY.md; RESPONDENT REPLY-08-19-24-v1.txt; eeo_timeline_enhanced.json; timeline_exhibit_HS-FEMA-02430-2024.html; email_tracking_template_comprehensive.csv; AMENDED_COMPLAINT_FORMATTED.html; fi-256-22-0001-ra_instruction_final-signature-06-28-2024.txt; HEARING_PREPARATION_OUTLINE.md; MOTION_FOR_SUMMARY_JUDGMENT.md; README.md; DISCOVERY_REQUESTS_SECOND_SET.md; Revision 2 of scan.eml[1].txt; keyword_search.html; INDEX_INSTRUCTIONS.md; CURSOR_AI_RECOMMENDATIONS_ANALYSIS.md"
"no responsive records",9,"critical_terms.csv; VISUAL_TIMELINE_EXHIBIT.html; search_index.json; CRITICAL_TERMS_REPORT.md; AMENDED_COMPLAINT_DRAFT.md; Final Response 2025-FEFO-01396.txt; keyword_search.html; paradocs_legal_strategy_dashboard.html; AMENDED_COMPLAINT_FORMATTED.html"
"reasonable accommodation",246,"Case-HS-FEMA-02430-2024-MEINDL-Detailed Table of Events.txt; ADMINISTRATIVE_HEARING_PORTAL.html; roi_contradictions_HS-FEMA-02430-2024.md; CORRECT_FILES_TO_USE.md; FW_ Reasonable Accommodation Request# RAR0017691.eml[1] (2).json; 2017-dhs-affirmative-action-plan.txt; FMLA.eml[2][1].txt; duplicates.json; Chief of Staff comms.txt; FD-256-22-0003- RA Program Policy Directive - FINAL Jan 2022.txt; MEDICAL TELEWORK REQUIREMENTS FORM(1).txt; Fwd_ Affidavit and Letter of Authorization (HS-FEMA-02430-2024).eml[1] (2).txt; CASE_SUMMARY.json; FW_ Request to consider Reassignment - Reasonable Accommodation of Last Resort.txt; 21C09C58-969E-71AA-B95D-C9FA67C8BAD9.txt; FW_ Reasonable Accommodation Request# RAR0017691.eml[1] (2).txt; RE_ RAR0042452 for Telework_ 100% .txt; Enforcement Guidance on Reasonable Accommodation and Undue Hardship under the ADA-compressed.json; eeo_comprehensive_timeline.csv; fema_manual_1430_1_reasonable_accommodations[1].txt; Detailed Table of Events.txt; Request Reasonable Accommodation Form 256-0-1-01-02-2024.txt; KEY_EXHIBITS_AND_EVIDENCE.md; ra_timing_violations_analysis.txt; OPM telework agency2a-guide.txt; RE_ Max Meindl Reasonable Accommodation Request(1).txt; RE_ Consideration.eml[1](2).txt; MEINDL-FEMA Informal Intake Form-09-03-24 (002).txt; MEINDL-FEMA Informal Intake Form-09-03-24-V1-add rep info (2).txt; ra (1).txt; email_index_HS-FEMA-02430-2024.csv; Reasonable Accommodation .txt; RESPONDENT REPLY(1).txt; verification_report.json; FW_ Reasonable accommodation(1).json; 256-0-2 MANAGEMENT RESPONSE to REQ for RA Meindl-first.txt; 256-0-2 MANAGEMENT RESPONSE to REQ for RA Max s.txt; FEMA EEO Policy Reaffirmation 2024 Final - F1 Signed - CLEAN (002).txt; RE_ MEINDL-FINAL-V3-REASONABLE ACCOMMODATION SU....json; Guide_to_Brief_Writing_for_Pro_Se_Complainants.txt; RE_ Consideration.eml.txt; Binder2.txt; roi_comprehensive_analysis_HS-FEMA-02430-2024.md; guide-to-telework-in-the-federal-government.txt; Merge Result-V3-FINAL PAGE NUMBERS.txt; 806726.txt; VISUAL_TIMELINE_EXHIBIT.html; RAR0023278 for COVID-19 Vaccine Exemption (for ...(4).txt; Your request for Reasonable Accommodation Reque...(1).json; RE_ Consideration.eml[1] (2).txt; FW_ FMLA_Reasonable accommodation .txt; EMAILS-1.txt; RA.eml[6][1] (2).txt; Final Agency Denial Letter _Meindl Max (RAR0046767)- FINAL-2-1.txt; RAR0017691 .txt; MEINDL-FEMA Informal Intake Form-09-03-24.txt; SETTLEMENT_DEMAND_PACKAGE.md; Reasonable Accommodation Request-Rev2.txt; fema_affirmative-action-plan.txt; Reasonable Accommodation Request-Rev2.json; GAMMA_APP_PRESENTATION.html; federal_citations_HS-FEMA-02430-2024.md; 0046767 Max Meindl.txt; What is your age.txt; cursor_current_processing_status_update-052525.md; Tab F-9 Affidavit of Witness Anna Myers signed.txt; FI-256-22-0001-RA Instruction 2024 Final Signature- 06-28-2024.txt; 24_0401_crcl_dhs-hq-reasonable-accommodation-procedures-instruction-manual-508-APRIL 2024.txt; 01-22-RA POLICY.txt; FM 123-9-1.txt; FW_ Reasonable Accommodation Request# RAR0017691.eml[1].txt; FW_ REMOTE WORK .txt; RE_ Your request for Reasonable Accommodation R...(1).json; roi_contradictions_HS-FEMA-02430-2024.json; FEMA_Cadre_Management_Guide1-10282014.txt; FW_ Request to consider Reassignment - Reasonable Accommodation of Last Resort.json; RE_ FMLA_Reasonable accommodation.eml[1].json; Revision 2 of scan.eml[1] (2).txt; RE_ FMLA_Reasonable accommodation.eml[1].txt; Fwd_ Affidavit and Letter of Authorization (HS-FEMA-02430-2024).eml[1].txt; RE_ Reasonable Accommodation Request(1).txt; RE_ Number RAR0042452.txt; RE_ Request to consider Reassignment - Reasonable Accommodation of Last Resort.json; FW_ Reasonable accommodation(1).txt; Your request for Reasonable Accommodation Reque...(1).txt; fema_manual_1430_1_reasonable_accommodations.txt; RE_ RAR0023261 - Vaccine Exemption Request for ...(1).txt; manual_timeline_HS-FEMA-02430-2024.json; ra-4.txt; FW_ RAR0042452 for Telework_ 100% .txt; actual_timeline_from_roi.json; RE_ Consideration.eml[1].txt; paradocs_case_analysis_complete.json; 0046767 Max Meindl-Revised-second.txt; RE_ Request to consider Reassignment - Reasonable Accommodation of Last Resort-meindl-08022024.txt; RAR#0046767 Max Meindl-Revised.txt; Merge Result.txt; summary_metrics.json; RAR0023261 - Vaccine Exemption Request for Info....txt; RAR0023025 has been assigned to your group.txt; RE_ Number RAR0042452- Follow up Tuesday Septem....txt; Final Agency Denial Letter _Meindl Max (RAR0046767)- FINAL.txt; EMAILS-3.txt; DHS Reasonable Accommodation.txt; RE_ Your request for Reasonable Accommodation R...(1).txt; RA TEXT-SNIPS-01-02-2024.txt; LEGAL STUFF.txt; ENHANCED_MASTER_INDEX.html; RE_ Reasonable Accommodation Request-Rev2.txt; FMLA.eml[2][1](1).txt; cursor.rules.json; corrected_verified_timeline.json; RE_ Max Meindl Reasonable Accommodation Request.json; Reasonable Accommodation .json; FW_ FMLA Recertification - M. Meindl.eml[1](1).txt; 24_0401_crcl_dhs-hq-reasonable-accommodation-procedures-instruction-manual-508.txt; FW_ Max Meindl Reasonable Accommodation Request.txt; Tab F-5 Affidavit of RMO template_Simko Final.txt; Enforcement Guidance on Reasonable Accommodation and Undue Hardship under the ADA.json; FW_ Consideration.txt; FW_ Reasonable accommodation.json; keyword_index.json; EEO FILES 1.txt; FW_ Reasonable Accommodation Request# RAR0017691.eml[1].json; Fwd_ WebTA.eml[1] (2).txt; DHS Reasonable Accommodation.json; RAR0017691 has been assigned to your group.txt; Meindel III Max J. (FINAL Notice of Termination of Appointment)-1.txt; roi_specific_contradictions_HS-FEMA-02430-2024.md; Request to consider Reassignment - Reasonable Accommodation of Last Resort.json; comprehensive_timeline_HS-FEMA-02430-2024.json; Action Required_ Submit Your Proof of Vaccination.txt; FW_ FMLA Recertification - M. Meindl.eml[1](2).txt; FW_ FMLA_Reasonable accommodation .json; communication_timeline_HS-FEMA-02430-2024.html; COMPLETE_TIMELINE_INTERACTIVE.html; Your request  for Telework_ 100% has been received.txt; search_index.json; AMENDED_COMPLAINT_DRAFT.md; paradocs_master_dashboard.html; fmla.eml[4][1].txt; MASTER_TIMELINE_2018-2025.csv; Fwd_ WebTA.eml[1].txt; RE_ Reasonable Accommodation Request(1).json; EEO.eml[3][1] (2).txt; fema_reasonable-accommodation-policy.txt; email_analysis_report.json; [Compare Report] 06-22-RA POLICY.txt; violations_summary.json; FEDERAL_LAWSUIT_PORTAL.html; FMLA.eml[1][1](2).txt; EMAIL DOCUMENTATION.txt; 0046767 Max Meindl-Revised.txt; l4060---fema-contract.txt; RE_ Consideration.eml[1](1).txt; implementing_accommodation.txt; MEINDL-FEMA Informal Intake Form-09-03-24-V1-add rep info (3).txt; CRITICAL_TERMS_REPORT.md; email_index_HS-FEMA-02430-2024.html; RE_ Max Meindl Reasonable Accommodation Request(1).json; email_index.json; paradocs_legal_strategy_dashboard.html; eeo_comprehensive_investigation.json; 256-0-2 MANAGEMENT RESPONSE to REQ for RA Meindl.txt; COMPLETE_EMAIL_INDEX.html; paradocs_all_files.csv; 1430_1.txt; COMPREHENSIVE_COMMUNICATION_TIMELINE.html; 06-22-RA POLICY.txt; 08-06-2024.txt; FW_ Reasonable accommodation.txt; meindel iii max j. (final notice of termination of appointment) (002).txt; TRULY_COMPREHENSIVE_EMAIL_INDEX.html; paradocs_master_timeline_enhanced.html; critical_terms.csv; index_stats.json; FW_ Max Meindl Reasonable Accommodation Request.json; Final Response 2025-FEFO-01396.txt; RE_ Max Meindl Reasonable Accommodation Request.txt; MEINDL-Affidavit of Complainant-02-14-2025-R1.txt; MEINDL-CASE-HS-FEMA-02430-2024-Comprehensive table of violations.txt; RE_ MEINDL-FINAL-V3-REASONABLE ACCOMMODATION SU....txt; FW_ Reasonable accommodation (2).json; paradocs-index.html; paradocs_all_files.json; MEINDL-Appendix A - Reassignment Search Parameters_09-09-24-SIGNED-V1.txt; EEO.eml[3][1].txt; damages_calculation_report.json; Request Reasonable Accommodation Form 256-0-1-01-02-2024.json; UNIFIED_PARADOCS_DASHBOARD.html; RE_ Reasonable Accommodation Request-Rev2.json; FW_ FMLA Recertification - M. Meindl.eml[1].txt; roi_comprehensive_analysis_HS-FEMA-02430-2024.json; MEINDL-FEMA Informal Intake Form-09-03-24-V1-add rep info.txt; date_index.json; Meindl_1stLineDecisionFTTWRequest - Oke review (002) to JLJ.txt; email_detailed_index.json; MASTER_INDEX.html; 3 - Cadre of On-Call Response_Recovery Employee (CORE) Program_FM252-11-1.txt; EEOC_SEARCH_VOCABULARY.md; eeoc-rules.json; RAR0023278_CRITICAL_EVIDENCE_EXTRACT.html; Final Agency Denial Letter _Meindl Max (RAR0046767)- FINAL-2.txt; RAR#0046767 Max Meindl.txt; Reasonable Accomodation-FEMA Form 256-0-1-08232018.txt; RAR0020089 has been assigned to your group.txt; RAR0042452 has been assigned to your group.txt; TRACI BRASHER CHAT RECORD.txt; FMLA.eml[2][1] (2).txt; communication_timeline_HS-FEMA-02430-2024.json; RE_ RAR0023261 - Vaccine Exemption Request for ....txt; RESPONDENT REPLY-08-19-24-v1.txt; FW_ FMLA Recertification - M. Meindl.eml[1] (2).txt; MAXIMUM_DAMAGES_BY_STATUTE.md; RA.eml[6][1].txt; timeline_exhibit_HS-FEMA-02430-2024.html; email_tracking_template_comprehensive.csv; CASE_SUMMARY.md; AMENDED_COMPLAINT_FORMATTED.html; fi-256-22-0001-ra_instruction_final-signature-06-28-2024.txt; HEARING_PREPARATION_OUTLINE.md; Reasonable Accommodation Request-1.json; RE_ Request to consider Reassignment - Reasonable Accommodation of Last Resort-meindl-08022024.json; MOTION_FOR_SUMMARY_JUDGMENT.md; md-110.txt; PARADOCS_FINAL_SUMMARY.txt; README.md; fd_123_14_hiring_people_with_disabilities.txt; RE_ RAR0046767 Final Agency Denial Letter.txt; DISCOVERY_REQUESTS_SECOND_SET.md; FW_ Reasonable accommodation (2).txt; FMLA.eml[1][1].txt; RE_ Consideration.eml[1](3).txt; Binder1.txt; email_index.csv; RE_ Non-Responsive Employees in Vaccine Status ....txt; Revision 2 of scan.eml[1].txt; LETTER_TO_RICK_GUERRA.md; timeline_analysis_results.json; Fwd_ WebTA.eml[1](1).txt; PDFen.txt; keyword_search.html; CORRECTED_INDIVIDUAL_TITLES_AND_ROLES.md; CASE_VIOLATIONS_SUMMARY.html; Reasonable Accommodation Request-1.txt; Tab F-8 Affidavit of Witness Traci Brasher_ final.txt"
"retaliation",116,"Case-HS-FEMA-02430-2024-MEINDL-Detailed Table of Events.txt; github_pages_setup_guide.md; CORRECT_FILES_TO_USE.md; LEGAL_OPTIMIZATION_GUIDE.json; CASE_SUMMARY.json; eeo_comprehensive_timeline.csv; roi_contradictions_interactive_HS-FEMA-02430-2024.json; ACTION_LOG.md; Detailed Table of Events.txt; KEY_EXHIBITS_AND_EVIDENCE.md; email_index_HS-FEMA-02430-2024.csv; FIXED_ENHANCED_MASTER_INDEX.html; verification_report.json; Binder2.txt; roi_comprehensive_analysis_HS-FEMA-02430-2024.md; 806726.txt; VISUAL_TIMELINE_EXHIBIT.html; violations_index_HS-FEMA-02430-2024.csv; evidence_index_HS-FEMA-02430-2024.csv; test_json.html; SETTLEMENT_DEMAND_PACKAGE.md; GAMMA_APP_PRESENTATION.html; PROJECT_COMPLETION_REPORT.md; cursor_current_processing_status_update-052525.md; damages_index_HS-FEMA-02430-2024.csv; GAMMA_SLIDES_CONTENT.md; COMPREHENSIVE_VIOLATIONS_ANALYSIS.md; DAMAGES_CALCULATION_LEGAL_BASIS.md; Revision 2 of scan.eml[1] (2).txt; GITHUB_PAGES_AND_EMAIL_INDEX_SUMMARY.md; EMAILS-2.txt; PROJECT_SUMMARY.md; actual_timeline_from_roi.json; analysis_dashboard.json; paradocs_case_analysis_complete.json; Merge Result.txt; summary_metrics.json; EMAILS-3.txt; ENHANCED_MASTER_INDEX.html; cursor.rules.json; corrected_verified_timeline.json; FW_ MEINDL FORMAL EEOC COMPLAINT-E-SIGNED.txt; master_case_index_HS-FEMA-02430-2024.json; comprehensive_case_analysis_HS-FEMA-02430-2024.md; CRITICAL_USAGE_GUIDE.md; TONY IN SNIP OF PHONE CALLS-TIMES-DURATIONS.txt; weighted_harm_analysis.md; eeo_timeline_comprehensive_report.json; keyword_index.json; EEO FILES 1.txt; roi_specific_contradictions_HS-FEMA-02430-2024.md; termination_impact_analysis.md; metadata_schema.json; comprehensive_timeline_HS-FEMA-02430-2024.json; CASE_VIOLATIONS_SUMMARY.html; COMPLETE_TIMELINE_INTERACTIVE.html; search_index.json; AMENDED_COMPLAINT_DRAFT.md; paradocs_master_dashboard.html; ADR_MEDIATION_PORTAL.html; paradocs_comprehensive_eeo_investigation.html; MASTER_TIMELINE_2018-2025.csv; New EEO Poster 2024.txt; timeline_index_HS-FEMA-02430-2024.csv; fema-rules.json; violations_summary.json; email_statistics_HS-FEMA-02430-2024.txt; eeo_timeline_events.csv; l4060---fema-contract.txt; CRITICAL_TERMS_REPORT.md; email_index_HS-FEMA-02430-2024.html; paradocs_legal_strategy_dashboard.html; eeo_comprehensive_investigation.json; COMPLETE_EMAIL_INDEX.html; COMPREHENSIVE_COMMUNICATION_TIMELINE.html; critical_terms.csv; email_tracking_instructions.md; PROJECT_DEEP_DIVE_ANALYSIS.md; TRULY_COMPREHENSIVE_EMAIL_INDEX.html; paradocs_master_timeline_enhanced.html; index_stats.json; MEINDL-Affidavit of Complainant-02-14-2025-R1.txt; MEINDL-CASE-HS-FEMA-02430-2024-Comprehensive table of violations.txt; damages_calculation_report.json; UNIFIED_PARADOCS_DASHBOARD.html; EXHIBIT_LIST_PRIORITY.csv; roi_comprehensive_analysis_HS-FEMA-02430-2024.json; email_detailed_index.json; MASTER_INDEX.html; DAMAGES_CALCULATION_WITH_INTEREST.html; EEOC_SEARCH_VOCABULARY.md; eeoc-rules.json; FINAL_CASE_COMPLETION_SUMMARY.md; RAR0023278_CRITICAL_EVIDENCE_EXTRACT.html; Effectiveness of ADR Report_508.txt; document_scan_results.json; MAXIMUM_DAMAGES_BY_STATUTE.md; eeo_timeline_enhanced.json; CORRECTED_MASTER_INDEX_VERIFIED.html; timeline_exhibit_HS-FEMA-02430-2024.html; CASE_SUMMARY.md; ParaDocs Programing Guidelinnes.txt; AMENDED_COMPLAINT_FORMATTED.html; HEARING_PREPARATION_OUTLINE.md; MOTION_FOR_SUMMARY_JUDGMENT.md; damage_calculations_1340_day.json; md-110.txt; README.md; GAMMA_APP_COMPACT.html; fema-directive-123-0-2-1.txt; DISCOVERY_REQUESTS_SECOND_SET.md; Revision 2 of scan.eml[1].txt; keyword_search.html; PDFen.txt; INDEX_INSTRUCTIONS.md; CURSOR_AI_RECOMMENDATIONS_ANALYSIS.md"
"termination",226,"Case-HS-FEMA-02430-2024-MEINDL-Detailed Table of Events.txt; FW_ FMLA Determination.eml[1](1).json; github_pages_setup_guide.md; 07 25 2022 MEINDL-FF-403-FY-22-112.txt; OSC Case No. MA-20-1288.eml[2](2).txt; ADMINISTRATIVE_HEARING_PORTAL.html; case_support_report_HS-FEMA-02430-2024.md; CORRECT_FILES_TO_USE.md; roi_contradictions_HS-FEMA-02430-2024.md; 2017-dhs-affirmative-action-plan.txt; meindel iii max j. (final notice of termination of appointment) (002).json; Meindl-Max_Telework Application & Agreement-12-11-23-RA-RAR0042452 -V1-2.txt; TELEWORK REQUEST FOR 07242018-PLUS 4 HOURS SICK DAY.txt; FMLA.eml[2][1].txt; FD-256-22-0003- RA Program Policy Directive - FINAL Jan 2022.txt; duplicates.json; 21C09C58-969E-71AA-B95D-C9FA67C8BAD9.txt; FW_ FMLA Determination(1).txt; Meindl-Max_Telework Application & Agreement-12-11-23-RA-RAR0042452 -V1.txt; eeo_comprehensive_timeline.csv; FW_ FMLA Determination[1] (2).json; roi_contradictions_interactive_HS-FEMA-02430-2024.json; ACTION_LOG.md; fema_manual_1430_1_reasonable_accommodations[1].txt; Detailed Table of Events.txt; PDTFL Position Assist.txt; KEY_EXHIBITS_AND_EVIDENCE.md; OPM telework agency2a-guide.txt; FIXED_ENHANCED_MASTER_INDEX.html; email_index_HS-FEMA-02430-2024.csv; RE_ Consideration.eml[1](2).txt; MEINDL-FEMA Informal Intake Form-09-03-24 (002).txt; MEINDL-FEMA Informal Intake Form-09-03-24-V1-add rep info (2).txt; RE_ Case #460.2016.01937.eml[1] (2).txt; OSC Case No. MA-20-1288.eml[2](1).txt; verification_report.json; Guide_to_Brief_Writing_for_Pro_Se_Complainants.txt; Meindel III Max J. (FINAL Notice of Termination of Appointment)-1.json; RE_ Consideration.eml.txt; Binder2.txt; roi_comprehensive_analysis_HS-FEMA-02430-2024.md; guide-to-telework-in-the-federal-government.txt; Merge Result-V3-FINAL PAGE NUMBERS.txt; 806726.txt; VISUAL_TIMELINE_EXHIBIT.html; FW_ FMLA Determination[1] (2).txt; violations_index_HS-FEMA-02430-2024.csv; RE_ Consideration.eml[1] (2).txt; evidence_index_HS-FEMA-02430-2024.csv; FW_ FMLA Determination[1](1).txt; eeo_investigation_questions.csv; Final Agency Denial Letter _Meindl Max (RAR0046767)- FINAL-2-1.txt; MEINDL-FEMA Informal Intake Form-09-03-24.txt; SETTLEMENT_DEMAND_PACKAGE.md; VERIFICATION_REPORT.md; GAMMA_APP_PRESENTATION.html; EEO Process HS-FEMA-03389-2024 Meindl, M.txt; email_index.md; SETUP_GUIDE.md; PROJECT_COMPLETION_REPORT.md; What is your age.txt; cursor_current_processing_status_update-052525.md; Tab F-9 Affidavit of Witness Anna Myers signed.txt; damages_index_HS-FEMA-02430-2024.csv; FI-256-22-0001-RA Instruction 2024 Final Signature- 06-28-2024.txt; OSC Case No. MA-20-1288.eml[2] (2).txt; 24_0401_crcl_dhs-hq-reasonable-accommodation-procedures-instruction-manual-508-APRIL 2024.txt; 01-22-RA POLICY.txt; GAMMA_SLIDES_CONTENT.md; COMPREHENSIVE_VIOLATIONS_ANALYSIS.md; FM 123-9-1.txt; DAMAGES_CALCULATION_LEGAL_BASIS.md; roi_contradictions_HS-FEMA-02430-2024.json; FEMA_Cadre_Management_Guide1-10282014.txt; OSC Case No. MA-20-1288.txt; Revision 2 of scan.eml[1] (2).txt; FMLA Determination.json; FW_ FMLA Determination[1].json; GITHUB_PAGES_AND_EMAIL_INDEX_SUMMARY.md; FW_ FMLA Determination.eml[1] (2).txt; fema_manual_1430_1_reasonable_accommodations.txt; RE_ Non-Responsive Employees in Vaccine Status ...(1).txt; ra-4.txt; PROJECT_SUMMARY.md; actual_timeline_from_roi.json; damage_calculations_report.md; RE_ Consideration.eml[1].txt; paradocs_case_analysis_complete.json; Merge Result.txt; summary_metrics.json; Final Agency Denial Letter _Meindl Max (RAR0046767)- FINAL.txt; EMAILS-3.txt; DHS Reasonable Accommodation.txt; REMOTE WORK APPEAL-signed.txt; FMLA.eml[2][1](1).txt; LEGAL STUFF.txt; ENHANCED_MASTER_INDEX.html; FW_ FMLA Determination (2).txt; cursor.rules.json; corrected_verified_timeline.json; 24_0401_crcl_dhs-hq-reasonable-accommodation-procedures-instruction-manual-508.txt; master_case_index_HS-FEMA-02430-2024.json; comprehensive_case_analysis_HS-FEMA-02430-2024.md; CRITICAL_USAGE_GUIDE.md; Tab F-5 Affidavit of RMO template_Simko Final.txt; FW_ FMLA Determination[1](1).json; AGGRESSIVE_DAMAGES_CALCULATION.md; FW_ Consideration.txt; weighted_harm_analysis.md; eeo_timeline_comprehensive_report.json; keyword_index.json; EEO FILES 1.txt; FMLA Determination (2).json; PARADOCS_COMPLETE_INDEX.md; Meindel III Max J. (FINAL Notice of Termination of Appointment)-1.txt; roi_specific_contradictions_HS-FEMA-02430-2024.md; termination_impact_analysis.md; metadata_schema.json; REMOTE WORK APPEAL-signed-2.txt; Attorney_Portal.html; comprehensive_timeline_HS-FEMA-02430-2024.json; FW_ FMLA Determination.eml[1] (2).json; CASE_VIOLATIONS_SUMMARY.html; FW_ FMLA Determination[1].txt; COMPLETE_TIMELINE_INTERACTIVE.html; search_index.json; FW_ FMLA Determination.eml[1](1).txt; AMENDED_COMPLAINT_DRAFT.md; ADR_MEDIATION_PORTAL.html; FW_ FMLA Determination.json; paradocs_comprehensive_eeo_investigation.html; MASTER_TIMELINE_2018-2025.csv; fema_reasonable-accommodation-policy.txt; email_analysis_report.json; timeline_index_HS-FEMA-02430-2024.csv; [Compare Report] 06-22-RA POLICY.txt; fema-rules.json; FEDERAL_LAWSUIT_PORTAL.html; FMLA.eml[1][1](2).txt; eeo_timeline_events.csv; data_extract_HS-FEMA-02430-2024.md; EMAIL DOCUMENTATION.txt; violations_summary.json; l4060---fema-contract.txt; RE_ Consideration.eml[1](1).txt; Meindl-Max_Telework Agreement_Date -2023-2024-10-24-23.txt; implementing_accommodation.txt; MEINDL-FEMA Informal Intake Form-09-03-24-V1-add rep info (3).txt; FMLA Determination(1).json; CRITICAL_TERMS_REPORT.md; email_index_HS-FEMA-02430-2024.html; CORE CONDITIONS OF EMPLOYMENT.txt; FW_ FMLA Determination.eml[1].txt; email_index.json; paradocs_legal_strategy_dashboard.html; eeo_comprehensive_investigation.json; COMPLETE_EMAIL_INDEX.html; paradocs_all_files.csv; COMPREHENSIVE_COMMUNICATION_TIMELINE.html; 06-22-RA POLICY.txt; 1430_1.txt; 08-06-2024.txt; critical_terms.csv; PROJECT_DEEP_DIVE_ANALYSIS.md; TRULY_COMPREHENSIVE_EMAIL_INDEX.html; paradocs_master_timeline_enhanced.html; meindel iii max j. (final notice of termination of appointment) (002).txt; index_stats.json; Final Response 2025-FEFO-01396.txt; SHARING_PARADOCS_WITH_ATTORNEY.md; 123-9-0-1.txt; MEINDL-Affidavit of Complainant-02-14-2025-R1.txt; MEINDL-CASE-HS-FEMA-02430-2024-Comprehensive table of violations.txt; paradocs-index.html; paradocs_all_files.json; UNIFIED_PARADOCS_DASHBOARD.html; EXHIBIT_LIST_PRIORITY.csv; roi_comprehensive_analysis_HS-FEMA-02430-2024.json; MEINDL-FEMA Informal Intake Form-09-03-24-V1-add rep info.txt; PART 752-ADVERSE ACTIONS.txt; date_index.json; email_detailed_index.json; MASTER_INDEX.html; 3 - Cadre of On-Call Response_Recovery Employee (CORE) Program_FM252-11-1.txt; EEOC_SEARCH_VOCABULARY.md; eeoc-rules.json; FINAL_CASE_COMPLETION_SUMMARY.md; RAR0023278_CRITICAL_EVIDENCE_EXTRACT.html; Final Agency Denial Letter _Meindl Max (RAR0046767)- FINAL-2.txt; Update on your Employee Rights claim..eml[1] (2).txt; RE_ Case #460.2016.01937.eml[1](1).txt; OSC Case No. MA-20-1288.eml[2].txt; FMLA.eml[2][1] (2).txt; Meindl-Max_Telework Application & Agreement-12-11-23-RA-RAR0042452-TONY IN-COMPRESSED TELEWORK.txt; Meindl-Max_Telework Application & Agreement-12-11-23-RA-RAR0042452.txt; document_scan_results.json; FW_ FMLA Determination.txt; MAXIMUM_DAMAGES_BY_STATUTE.md; FW_ FMLA Determination(1).json; eeo_timeline_enhanced.json; timeline_exhibit_HS-FEMA-02430-2024.html; Update on your Employee Rights claim..eml[1].txt; FW_ FMLA Determination (2).json; RE_ Case #460.2016.01937.eml[1].txt; AMENDED_COMPLAINT_FORMATTED.html; fi-256-22-0001-ra_instruction_final-signature-06-28-2024.txt; HEARING_PREPARATION_OUTLINE.md; MOTION_FOR_SUMMARY_JUDGMENT.md; damage_calculations_1340_day.json; md-110.txt; fd_123_14_hiring_people_with_disabilities.txt; GAMMA_APP_COMPACT.html; fema-directive-123-0-2-1.txt; DISCOVERY_REQUESTS_SECOND_SET.md; RE_ Consideration.eml[1](3).txt; FMLA.eml[1][1].txt; README.md; email_index.csv; RE_ Non-Responsive Employees in Vaccine Status ....txt; Revision 2 of scan.eml[1].txt; timeline_analysis_results.json; keyword_search.html; PDFen.txt; INDEX_INSTRUCTIONS.md; CURSOR_AI_RECOMMENDATIONS_ANALYSIS.md; FW_ FMLA Determination.eml[1].json"
"welfare check",19,"Case-HS-FEMA-02430-2024-MEINDL-Detailed Table of Events.txt; DAMAGES_CALCULATION_LEGAL_BASIS.md; EXHIBIT_LIST_PRIORITY.csv; ADMINISTRATIVE_HEARING_PORTAL.html; Detailed Table of Events.txt; search_index.json; AMENDED_COMPLAINT_DRAFT.md; paradocs_comprehensive_eeo_investigation.html; MASTER_TIMELINE_2018-2025.csv; FEDERAL_LAWSUIT_PORTAL.html; MAXIMUM_DAMAGES_BY_STATUTE.md; eeo_timeline_enhanced.json; CRITICAL_TERMS_REPORT.md; eeo_investigation_questions.csv; eeo_comprehensive_investigation.json; AMENDED_COMPLAINT_FORMATTED.html; critical_terms.csv; keyword_search.html; MEINDL-CASE-HS-FEMA-02430-2024-Comprehensive table of violations.txt"
